Perjalanan Dinas Luar Negeri;;;;;;;
No;Daerah Tujuan;Uang Harian;;;;;
;;Dewan Pengawas dan Direksi;BOD-1;BOD-2;BOD-3;BOD-4;BOD-5
1;Amerika Serikat;659;563;505;505;505;505
2;Kanada;552;467;416;416;416;416
3;Meksiko;553;468;417;417;417;417
4;Kuba;453;385;345;345;345;345
5;Venezuela;557;388;344;344;344;344
6;Argentina;534;402;351;351;351;351
7;Brazil;436;396;378;378;378;378
8;Suriname;398;364;268;268;268;268
9;Chili;434;370;332;332;332;332
10;Kolombia ;466;413;405;405;405;405
11;Peru;459;352;320;320;320;320
12;Ekuador;416;355;319;319;319;319
13;Panama;418;357;320;320;320;320
14;Inggris ;792;774;583;583;583;583
15;Norwegia;621;559;389;389;389;389
16;Perancis;548;464;413;413;413;413
17;Belgia;538;456;406;406;406;406
18;Belanda;485;416;368;368;368;368
19;Swiss;636;570;444;444;444;444
20;Swedia;615;519;461;461;461;461
21;Austria;504;453;347;347;347;347
22;Finlandia;521;442;394;394;394;394
23;Denmark;569;491;428;428;428;428
24;Italia;702;637;446;446;446;446
25;Jerman;485;415;368;368;368;368
26;Spanyol;457;413;335;335;335;335
27;Rusia;556;512;407;407;407;407
28;Bulgaria ;406;367;320;320;320;320
29;Hongaria;485;438;390;390;390;390
30;Polandia;478;415;363;363;363;363
31;Romania;416;381;313;313;313;313
32;Bosnia;456;420;334;334;334;334
33;Kroasia;555;506;406;406;406;406
34;Yunani;427;379;327;327;327;327
35;Portugal;425;382;308;308;308;308
36;Serbia;417;375;326;326;326;326
37;Ceko;618;526;447;447;447;447
38;Slovakia;437;394;341;341;341;341
39;Ukraina;485;436;375;375;375;375
40;Aljazair;394;361;319;319;319;319
41;Mesir;481;426;405;405;405;405
42;Maroko;403;353;310;310;310;310
43;Tunisia;379;300;266;266;266;266
44;Nigeria;468;428;405;405;405;405
45;Senegal;461;393;336;336;336;336
46;Etiopia;420;374;330;330;330;330
47;Kenya;457;418;344;344;344;344
48;Madagaskar;396;366;286;286;286;286
49;Tanzania;458;386;357;357;357;357
50;Zimbabwe;430;400;330;330;330;330
51;Namibia;442;376;312;312;312;312
52;Kamerun;468;428;405;405;405;405
53;Mozambik;472;436;356;356;356;356
54;Afrika Selatan;440;400;363;363;363;363
55;Sudan;443;408;359;359;359;359
56;Libya;456;393;340;340;340;340
57;Irak;461;392;351;351;351;351
58;Saudi Arabia;468;398;356;356;356;356
59;Uni Emirat Arab;594;502;446;446;446;446
60;Kuwait;581;491;437;437;437;437
61;Yordania;504;428;382;382;382;382
62;Turki;456;364;311;311;311;311
63;Afganistan;385;262;238;238;238;238
64;Iran;421;332;299;299;299;299
65;Suriah;358;301;272;272;272;272
66;India;422;329;327;327;327;327
67;Bangladesh;339;313;243;243;243;243
68;Pakistan;343;277;251;251;251;251
69;Srilanka;388;332;299;299;299;299
70;Hongkong;601;507;451;451;451;451
71;Jepang;519;428;382;382;382;382
72;Taiwan;285;250;;;;
73;Korea Selatan;515;467;425;425;425;425
74;Korea Utara;494;321;300;300;300;300
75;Republik Rakyat Tiongkok ;411;351;315;315;315;315
76;Singapura;615;519;461;461;461;461
77;Malaysia;394;304;274;274;274;274
78;Thailand;392;330;297;297;297;297
79;Myanmar;368;250;210;210;210;210
80;Laos;380;277;251;251;251;251
81;Vietnam ;383;292;244;244;244;244
82;Brunei Darussalam;374;278;252;252;252;252
83;Filipina;412;367;266;266;266;266
84;Kamboja;296;223;201;201;201;201
85;Timor Leste;392;354;236;236;236;236
86;Azerbaijan;498;459;365;365;365;365
87;Bahrain;475;424;284;284;284;284
88;Libanon;457;389;348;348;348;348
89;Qatar;506;448;349;349;349;349
90;Yaman;353;249;226;226;226;226
91;Oman;516;437;390;390;390;390
92;Uzbekistan;392;352;287;287;287;287
93;Kazakhstan;456;420;334;334;334;334
94;Australia;636;585;424;424;424;424
95;Selandia Baru;545;461;411;411;411;411
96;Kaledonia Baru;425;387;299;299;299;299
97;Papua Nugini;520;476;429;429;429;429
98;Fiji ;427;365;327;327;327;327